{
    "$jsonSchema": {
      "bsonType": "object",
      "required": ["_id", "username", "password", "password_token", "current_level_index", "levels_highscores", "settings"],
      "properties": {
        "_id": {"bsonType": "objectId", "description": "must be an ObjectId"},
        "username": {"bsonType": "string", "description": "must be a string"},
        "password": {"bsonType": "string", "description": "must be a string"},
        "password_token": {"bsonType": "string", "description": "must be a string"},
        "current_level_index": {"bsonType": "int", "description": "must be an integer"},
        "levels_highscores": {
          "bsonType": "array",
          "items": {
            "bsonType": "object",
            "required": ["level_index", "highscore", "date"],
            "properties": {
              "level_id": {"bsonType": "objectId", "description": "must be an integer"},
              "level_index": {"bsonType": "int", "description": "must be an integer"},
              "highscore": {"bsonType": "int", "description": "must be an integer"},
              "date": {"bsonType": "date", "description": "must be a date-time value"}
            }
          }
        },
        "settings": {
          "bsonType": "array",
          "items": {
            "bsonType": "object",
            "required": ["setting_id", "value"],
            "properties": {
              "setting_id": {"bsonType": "objectId", "description": "must be a objectId"},
              "value": {"bsonType": "string", "description": "must be a string"}
            }
          }
        }
      }
    }
  }
